<application>
  <component name="SonarLintGlobalSettings">
    <option name="autoTrigger" value="false" />
    <option name="sonarQubeServers">
      <list>
        <SonarQubeServer>
          <option name="hostUrl" value="http://proddev2.athens.intrasoft-intl.private:9000" />
          <token>dfcbdf9bdfcfdf9edfcedf9cdfcedf99dfc9df9bdf9cdf93dfcedf93dfc8df93df93dfcedf93df92df9adfcedf9ddf99dfcfdf9fdf9ddfccdf93df9cdfcedfccdf98df93dfc8dfcbdfcedf98df9fdf9d</token>
          <option name="name" value="proddev2 sonarqube" />
          <organizationKey>default-organization</organizationKey>
        </SonarQubeServer>
      </list>
    </option>
  </component>
</application>