<application>
  <component name="GitRememberedInputs">
    <option name="visitedUrls">
      <list>
        <UrlAndUserName>
          <option name="url" value="git@proddev5.athens.intrasoft-intl.private:SSP/ssp-test.git" />
          <option name="userName" value="" />
        </UrlAndUserName>
        <UrlAndUserName>
          <option name="url" value="https://github.com/apavlidi/IT_API.git" />
          <option name="userName" value="" />
        </UrlAndUserName>
        <UrlAndUserName>
          <option name="url" value="https://github.com/apavlidi/apavlidi.github.io.git" />
          <option name="userName" value="" />
        </UrlAndUserName>
        <UrlAndUserName>
          <option name="url" value="http://proddev5.athens.intrasoft-intl.private/SSP/base.git" />
          <option name="userName" value="" />
        </UrlAndUserName>
        <UrlAndUserName>
          <option name="url" value="http://proddev5.athens.intrasoft-intl.private" />
          <option name="userName" value="Alexandros.PAVLIDIS@intrasoft-intl.com" />
        </UrlAndUserName>
        <UrlAndUserName>
          <option name="url" value="http://proddev5.athens.intrasoft-intl.private/SSP/revenue-management.git" />
          <option name="userName" value="" />
        </UrlAndUserName>
        <UrlAndUserName>
          <option name="url" value="http://proddev5.athens.intrasoft-intl.private/SSP/ssp-data-importer.git" />
          <option name="userName" value="" />
        </UrlAndUserName>
        <UrlAndUserName>
          <option name="url" value="http://proddev5.athens.intrasoft-intl.private/SSP/ssp-webservices.git" />
          <option name="userName" value="" />
        </UrlAndUserName>
        <UrlAndUserName>
          <option name="url" value="https://github.com/apavlidi/JavaEE-Boilerplate.git" />
          <option name="userName" value="" />
        </UrlAndUserName>
        <UrlAndUserName>
          <option name="url" value="http://proddev5.athens.intrasoft-intl.private/SSP/ssp-workinjury.git" />
          <option name="userName" value="" />
        </UrlAndUserName>
        <UrlAndUserName>
          <option name="url" value="https://www.youtube.com/channel/UCvBbAot2GTC4xatl-7ykK7w" />
          <option name="userName" value="" />
        </UrlAndUserName>
        <UrlAndUserName>
          <option name="url" value="https://github.com/apavlidi/Code-Kata.git" />
          <option name="userName" value="" />
        </UrlAndUserName>
      </list>
    </option>
    <option name="cloneParentDir" value="$USER_HOME$/IdeaProjects" />
  </component>
</application>