<keymap version="1" name="Default for XWin copy" parent="Default for XWin">
  <action id="ActivateDatabaseToolWindow">
    <keyboard-shortcut first-keystroke="alt f3" />
  </action>
  <action id="Console.TableResult.FindInGrid">
    <keyboard-shortcut first-keystroke="ctrl f" />
  </action>
  <action id="Debugger.AddToWatch">
    <keyboard-shortcut first-keystroke="shift ctrl o" />
  </action>
  <action id="EditorCloneCaretAbove">
    <keyboard-shortcut first-keystroke="shift ctrl alt up" />
  </action>
  <action id="EditorCloneCaretBelow">
    <keyboard-shortcut first-keystroke="shift ctrl alt down" />
  </action>
  <action id="Find">
    <keyboard-shortcut first-keystroke="ctrl f" />
  </action>
  <action id="Vcs.Log.GoToRef">
    <keyboard-shortcut first-keystroke="ctrl f" />
  </action>
  <action id="VcsShowNextChangeMarker" />
  <action id="VcsShowPrevChangeMarker" />
</keymap>